,#,Company,Symbol,Portfolio%,Price,Chg,% Chg
0,1,Apple Inc.,AAPL,7.30%,188.88,-0.83,(-0.44%)
1,2,Microsoft Corp,MSFT,7.26%,370.94,-5.23,(-1.39%)
2,3,Amazon.com Inc,AMZN,3.44%,143.66,0.83,(0.58%)
3,4,Nvidia Corp,NVDA,3.19%,493.48,-1.32,(-0.27%)
4,5,Alphabet Inc. Class A,GOOGL,2.11%,134.93,-2.00,(-1.46%)
5,6,"Meta Platforms, Inc. Class A",META,1.95%,332.77,-1.42,(-0.43%)
6,7,Alphabet Inc. Class C,GOOG,1.82%,136.59,-2.11,(-1.52%)
7,8,"Tesla, Inc.",TSLA,1.77%,231.04,-2.55,(-1.09%)
8,9,Berkshire Hathaway Class B,BRK.B,1.72%,359.75,-0.11,(-0.03%)
9,10,Unitedhealth Group Incorporated,UNH,1.32%,533.19,-6.63,(-1.23%)
10,11,Eli Lilly & Co.,LLY,1.24%,588.04,-0.71,(-0.12%)
11,12,Jpmorgan Chase & Co.,JPM,1.15%,152.39,0.94,(0.62%)
12,13,Exxon Mobil Corporation,XOM,1.11%,103.45,0.99,(0.97%)
13,14,Broadcom Inc.,AVGO,1.06%,962.72,3.17,(0.33%)
14,15,Visa Inc.,V,1.05%,249.71,1.14,(0.46%)
15,16,Johnson & Johnson,JNJ,0.95%,149.83,-0.27,(-0.18%)
16,17,Procter & Gamble Company,PG,0.94%,152.24,-0.59,(-0.39%)
17,18,Mastercard Incorporated,MA,0.87%,399.39,2.29,(0.58%)
18,19,"Home Depot, Inc.",HD,0.82%,306.53,0.09,(0.03%)
19,20,Adobe Inc.,ADBE,0.72%,601.16,-0.90,(-0.15%)
20,21,Costco Wholesale Corp,COST,0.70%,576.64,-1.94,(-0.34%)
21,22,"Merck & Co., Inc.",MRK,0.68%,101.68,-0.32,(-0.31%)
22,23,Chevron Corporation,CVX,0.68%,143.04,1.27,(0.90%)
23,24,Abbvie Inc.,ABBV,0.64%,138.23,-0.06,(-0.04%)
24,25,Walmart Inc.,WMT,0.64%,156.67,0.63,(0.40%)
25,26,"Pepsico, Inc.",PEP,0.61%,166.17,-1.54,(-0.92%)
26,27,Coca-Cola Company,KO,0.59%,56.97,-0.18,(-0.32%)
27,28,"Cisco Systems, Inc.",CSCO,0.57%,48.07,0.03,(0.07%)
28,29,"Salesforce, Inc.",CRM,0.57%,222.20,0.75,(0.34%)
29,30,Accenture Plc,ACN,0.54%,328.42,1.10,(0.34%)
30,31,Bank of America Corporation,BAC,0.54%,29.65,0.11,(0.36%)
31,32,Netflix Inc,NFLX,0.54%,465.44,-1.51,(-0.32%)
32,33,Mcdonald's Corporation,MCD,0.52%,276.17,0.05,(0.02%)
33,34,Linde Plc,LIN,0.52%,408.25,-0.14,(-0.03%)
34,35,Advanced Micro Devices,AMD,0.50%,119.90,0.07,(0.06%)
35,36,"Thermo Fisher Scientific, Inc.",TMO,0.48%,469.89,-2.58,(-0.55%)
36,37,Oracle Corp,ORCL,0.48%,115.03,0.36,(0.31%)
37,38,Comcast Corp,CMCSA,0.46%,42.37,-0.04,(-0.09%)
38,39,The Walt Disney Company,DIS,0.45%,94.66,0.15,(0.16%)
39,40,Pfizer Inc.,PFE,0.45%,29.82,0.05,(0.18%)
40,41,Abbott Laboratories,ABT,0.45%,100.22,-0.04,(-0.04%)
41,42,Intel Corp,INTC,0.45%,43.00,-0.35,(-0.80%)
42,43,Wells Fargo & Co.,WFC,0.41%,42.53,-0.01,(-0.01%)
43,44,Intuit Inc,INTU,0.41%,557.73,0.78,(0.14%)
44,45,Verizon Communications,VZ,0.40%,36.21,0.03,(0.09%)
45,46,Amgen Inc,AMGN,0.38%,266.51,-2.49,(-0.93%)
46,47,Qualcomm Inc,QCOM,0.38%,129.45,0.75,(0.58%)
47,48,Philip Morris International Inc.,PM,0.38%,91.43,0.15,(0.17%)
48,49,International Business Machines Corporation,IBM,0.37%,153.02,-0.04,(-0.03%)
49,50,Texas Instruments Incorporated,TXN,0.36%,152.51,0.62,(0.41%)
50,51,Conocophillips,COP,0.36%,113.93,1.94,(1.73%)
51,52,Danaher Corporation,DHR,0.36%,208.35,-0.76,(-0.36%)
52,53,Union Pacific Corp.,UNP,0.35%,218.70,-0.66,(-0.30%)
53,54,"Servicenow, Inc.",NOW,0.35%,652.25,-0.04,(-0.01%)
54,55,"Nike, Inc.",NKE,0.35%,106.34,-1.28,(-1.18%)
55,56,S&p Global Inc.,SPGI,0.35%,405.91,1.93,(0.48%)
56,57,Applied Materials Inc,AMAT,0.35%,147.68,-7.13,(-4.60%)
57,58,Caterpillar Inc.,CAT,0.34%,252.36,4.15,(1.67%)
58,59,General Electric Company,GE,0.33%,119.15,0.21,(0.18%)
59,60,"Honeywell International, Inc.",HON,0.33%,190.36,-0.35,(-0.18%)
60,61,Starbucks Corp,SBUX,0.32%,106.37,-0.84,(-0.78%)
61,62,Lowe's Companies Inc.,LOW,0.32%,202.87,0.59,(0.29%)
62,63,Boeing Company,BA,0.31%,208.87,2.27,(1.10%)
63,64,Rtx Corporation,RTX,0.31%,80.30,0.07,(0.09%)
64,65,"Nextra Energy, Inc.",NEE,0.31%,56.71,0.11,(0.19%)
65,66,At&t Inc.,T,0.30%,15.93,0.05,(0.33%)
66,67,Booking Holdings Inc.,BKNG,0.29%,"3,110.08",-18.80,(-0.60%)
67,68,Goldman Sachs Group Inc.,GS,0.29%,338.73,2.06,(0.61%)
68,69,Bristol-Myers Squibb Co.,BMY,0.28%,50.98,0.14,(0.28%)
69,70,"Elevance Health, Inc.",ELV,0.28%,462.18,-1.43,(-0.31%)
70,71,"United Parcel Service, Inc. Class B",UPS,0.28%,146.69,-0.22,(-0.15%)
71,72,Deere & Company,DE,0.27%,380.84,2.28,(0.60%)
72,73,Intuitive Surgical Inc.,ISRG,0.27%,308.26,4.31,(1.42%)
73,74,"Tjx Companies, Inc.",TJX,0.27%,89.68,1.31,(1.49%)
74,75,"Prologis, Inc.",PLD,0.27%,110.29,0.02,(0.02%)
75,76,Morgan Stanley,MS,0.27%,80.25,0.59,(0.74%)
76,77,Lockheed Martin Corp.,LMT,0.26%,446.70,1.11,(0.25%)
77,78,"Blackrock, Inc.",BLK,0.26%,720.54,5.64,(0.79%)
78,79,Medtronic Plc,MDT,0.26%,75.21,0.33,(0.43%)
79,80,"Marsh & Mclennan Companies, Inc.",MMC,0.26%,198.45,0.13,(0.06%)
80,81,Stryker Corporation,SYK,0.25%,291.61,0.06,(0.02%)
81,82,"Mondelez International, Inc. Class A",MDLZ,0.25%,70.65,0.03,(0.04%)
82,83,Automatic Data Processing,ADP,0.25%,230.03,0.12,(0.05%)
83,84,Gilead Sciences Inc,GILD,0.25%,74.78,0.26,(0.35%)
84,85,Lam Research Corp,LRCX,0.25%,697.65,-2.79,(-0.40%)
85,86,American Express Company,AXP,0.25%,161.31,2.26,(1.42%)
86,87,Progressive Corporation,PGR,0.24%,160.20,0.26,(0.16%)
87,88,American Tower Corporation,AMT,0.24%,199.31,0.20,(0.10%)
88,89,"Analog Devices, Inc.",ADI,0.24%,181.31,1.47,(0.82%)
89,90,Vertex Pharmaceuticals Inc,VRTX,0.24%,344.07,1.07,(0.31%)
90,91,"Eaton Corporation, Plcs",ETN,0.24%,227.65,0.85,(0.37%)
91,92,Chubb Limited,CB,0.24%,223.19,1.19,(0.54%)
92,93,Cvs Health Corporation,CVS,0.23%,68.36,0.11,(0.16%)
93,94,Citigroup Inc.,C,0.23%,44.88,0.21,(0.47%)
94,95,Regeneron Pharmaceuticals Inc,REGN,0.22%,802.91,6.37,(0.80%)
95,96,"Micron Technology, Inc.",MU,0.22%,77.44,0.77,(1.00%)
96,97,The Cigna Group,CI,0.22%,280.38,-1.86,(-0.66%)
97,98,The Charles Schwab Corporation,SCHW,0.22%,56.30,0.63,(1.14%)
98,99,Synopsys Inc,SNPS,0.21%,535.66,2.21,(0.41%)
99,100,Zoetis Inc.,ZTS,0.21%,175.93,-0.61,(-0.35%)
100,101,Boston Scientific Corp.,BSX,0.21%,54.70,0.03,(0.05%)
101,102,"Palo Alto Networks, Inc.",PANW,0.21%,249.34,7.04,(2.91%)
102,103,"Fiserv, Inc.",FI,0.20%,125.25,0.42,(0.34%)
103,104,Schlumberger Limited,SLB,0.20%,52.49,0.38,(0.73%)
104,105,"T-Mobile Us, Inc.",TMUS,0.20%,147.30,-0.19,(-0.13%)
105,106,Cme Group Inc.,CME,0.20%,213.35,1.16,(0.54%)
106,107,The Southern Company,SO,0.20%,69.61,-0.66,(-0.93%)
107,108,Kla Corporation,KLAC,0.20%,543.72,-1.67,(-0.31%)
108,109,Blackstone Inc.,BX,0.20%,103.98,0.28,(0.27%)
109,110,"Equinix, Inc. Reit",EQIX,0.19%,778.04,-2.33,(-0.30%)
110,111,"Altria Group, Inc.",MO,0.19%,40.60,-0.10,(-0.25%)
111,112,Cadence Design Systems,CDNS,0.19%,268.13,1.14,(0.43%)
112,113,"Eog Resources, Inc.",EOG,0.19%,122.94,2.24,(1.86%)
113,114,Duke Energy Corporation,DUK,0.18%,90.14,-0.04,(-0.04%)
114,115,"Becton, Dickinson and Co.",BDX,0.18%,233.83,-1.24,(-0.53%)
115,116,Aon Plc Class A,AON,0.18%,330.57,-3.09,(-0.93%)
116,117,Northrop Grumman Corp.,NOC,0.17%,464.67,0.79,(0.17%)
117,118,Illinois Tool Works Inc.,ITW,0.17%,239.15,0.13,(0.06%)
118,119,"Paypal Holdings, Inc.",PYPL,0.17%,56.55,-0.27,(-0.47%)
119,120,Intercontinental Exchange  Inc.,ICE,0.17%,111.71,-0.56,(-0.50%)
120,121,"Waste Management, Inc.",WM,0.17%,171.00,-0.44,(-0.26%)
121,122,Humana Inc.,HUM,0.17%,506.26,-6.65,(-1.30%)
122,123,The Sherwin-Williams Company,SHW,0.17%,269.80,0.50,(0.19%)
123,124,Colgate-Palmolive Company,CL,0.17%,76.12,0.14,(0.18%)
124,125,Csx Corporation,CSX,0.16%,31.53,0.20,(0.64%)
125,126,"Air Products & Chemicals, Inc.",APD,0.16%,269.95,-3.65,(-1.33%)
126,127,Mckesson Corporation,MCK,0.16%,450.00,-0.78,(-0.17%)
127,128,Marathon Petroleum Corporation,MPC,0.16%,147.75,2.65,(1.82%)
128,129,Target Corporation,TGT,0.16%,130.86,0.92,(0.71%)
129,130,Fedex Corporation,FDX,0.16%,255.22,0.28,(0.11%)
130,131,"Chipotle Mexican Grill, Inc.",CMG,0.16%,"2,169.78",-3.32,(-0.15%)
131,132,"O'reilly Automotive, Inc.",ORLY,0.16%,975.52,3.53,(0.36%)
132,133,U.S. Bancorp,USB,0.15%,37.46,0.14,(0.38%)
133,134,General Dynamics Corporation,GD,0.15%,245.53,0.27,(0.11%)
134,135,"Roper Technologies, Inc.",ROP,0.15%,525.07,-0.04,(-0.01%)
135,136,Moody's Corporation,MCO,0.15%,356.72,3.15,(0.89%)
136,137,Parker-Hannifin Corporation,PH,0.15%,428.51,2.07,(0.48%)
137,138,Transdigm Group Incorporated,TDG,0.15%,960.26,-26.70,(-2.70%)
138,139,Pioneer Natural Resource Co.,PXD,0.15%,234.65,2.30,(0.99%)
139,140,"Airbnb, Inc. Class A",ABNB,0.14%,125.95,-0.33,(-0.26%)
140,141,Arista Networks,ANET,0.14%,215.63,2.33,(1.09%)
141,142,Amphenol Corporation,APH,0.14%,89.80,0.25,(0.28%)
142,143,3m Company,MMM,0.14%,95.63,-0.08,(-0.08%)
143,144,"Motorola Solutions, Inc.",MSI,0.14%,318.59,1.33,(0.42%)
144,145,Nxp Semiconductors N.v.,NXPI,0.14%,199.54,-1.26,(-0.63%)
145,146,Arthur J. Gallagher & Co.,AJG,0.14%,245.52,0.01,(0.00%)
146,147,Freeport-Mcmoran Inc.,FCX,0.14%,35.68,0.14,(0.39%)
147,148,Trane Technologies Plc,TT,0.14%,227.32,0.78,(0.34%)
148,149,Pnc Financial Services Group,PNC,0.14%,129.52,0.18,(0.14%)
149,150,Phillips 66,PSX,0.13%,115.32,1.79,(1.57%)
150,151,Marriot International Class A,MAR,0.13%,204.64,0.96,(0.47%)
151,152,Emerson Electric Co.,EMR,0.13%,87.97,0.47,(0.53%)
152,153,Lululemon Athletica Inc.,LULU,0.13%,424.98,4.70,(1.12%)
153,154,"Autozone, Inc.",AZO,0.13%,"2,652.55",-5.68,(-0.21%)
154,155,"Hca Healthcare, Inc.",HCA,0.13%,247.57,7.15,(2.97%)
155,156,Welltower Inc.,WELL,0.13%,87.17,0.40,(0.46%)
156,157,Cintas Corp,CTAS,0.13%,550.75,-2.69,(-0.49%)
157,158,Paccar Inc,PCAR,0.12%,91.18,0.27,(0.30%)
158,159,Norfolk Southern Corp.,NSC,0.12%,210.06,1.72,(0.82%)
159,160,"Ecolab, Inc.",ECL,0.12%,185.58,0.45,(0.24%)
160,161,Autodesk Inc,ADSK,0.12%,216.01,0.99,(0.46%)
161,162,Sempra,SRE,0.12%,72.25,0.06,(0.08%)
162,163,"American International Group, Inc.",AIG,0.12%,64.33,0.21,(0.33%)
163,164,Microchip Technology Inc,MCHP,0.12%,82.16,-0.01,(-0.01%)
164,165,Crown Castle Inc.,CCI,0.12%,103.83,-0.29,(-0.28%)
165,166,Valero Energy Corporation,VLO,0.12%,124.31,2.39,(1.96%)
166,167,Carrier Global Corporation,CARR,0.12%,52.69,0.01,(0.02%)
167,168,Aflac Inc.,AFL,0.12%,81.73,0.62,(0.76%)
168,169,Hilton Worldwide Holdings Inc.,HLT,0.11%,168.10,0.93,(0.55%)
169,170,Williams Companies Inc.,WMB,0.11%,35.09,0.34,(0.98%)
170,171,Copart Inc,CPRT,0.11%,51.01,1.70,(3.45%)
171,172,Charter Comm Inc Del Cl a,CHTR,0.11%,413.63,0.78,(0.19%)
172,173,Truist Financial Corporation,TFC,0.11%,31.52,0.07,(0.22%)
173,174,Ross Stores Inc,ROST,0.11%,130.80,10.65,(8.87%)
174,175,Newmont Corporation,NEM,0.11%,36.49,-0.07,(-0.19%)
175,176,Public Storage,PSA,0.11%,259.54,0.03,(0.01%)
176,177,"Msci, Inc.",MSCI,0.11%,524.61,0.34,(0.06%)
177,178,Ford Motor Company,F,0.11%,10.27,0.11,(1.03%)
178,179,Monster Beverage Corporation,MNST,0.11%,54.45,-0.65,(-1.19%)
179,180,Te Connectivity Ltd,TEL,0.11%,131.70,0.36,(0.27%)
180,181,Kimberly-Clark Corp.,KMB,0.11%,122.20,0.49,(0.40%)
181,182,Edwards Lifesciences Corp,EW,0.11%,67.37,-0.10,(-0.15%)
182,183,"Digital Realty Trust, Inc.",DLR,0.11%,135.23,0.08,(0.06%)
183,184,Occidental Petroleum Corporation,OXY,0.11%,60.70,0.39,(0.65%)
184,185,Capital One Financial,COF,0.11%,106.13,1.12,(1.07%)
185,186,Hess Corporation,HES,0.11%,142.94,1.48,(1.05%)
186,187,Archer Daniels Midland Company,ADM,0.11%,73.80,-0.12,(-0.17%)
187,188,Centene Corporation,CNC,0.10%,73.04,-0.17,(-0.23%)
188,189,Exelon Corporation,EXC,0.10%,39.32,-0.16,(-0.41%)
189,190,"Simon Property Group, Inc.",SPG,0.10%,120.92,0.50,(0.41%)
190,191,"Dexcom, Inc.",DXCM,0.10%,106.16,1.39,(1.32%)
191,192,"Dominion Energy, Inc",D,0.10%,46.84,-0.03,(-0.07%)
192,193,"American Electric Power Company, Inc.",AEP,0.10%,77.16,-0.22,(-0.28%)
193,194,Constellation Energy Corporation,CEG,0.10%,123.07,1.40,(1.15%)
194,195,"Metlife, Inc.",MET,0.10%,62.39,0.36,(0.59%)
195,196,Nucor Corporation,NUE,0.10%,156.20,1.26,(0.81%)
196,197,D.R. Horton Inc.,DHI,0.10%,128.14,0.51,(0.40%)
197,198,"The Travelers Companies, Inc.",TRV,0.10%,172.50,0.81,(0.47%)
198,199,General Motors Company,GM,0.10%,27.63,0.15,(0.55%)
199,200,"Constellation Brands, Inc.",STZ,0.10%,235.62,-0.98,(-0.41%)
200,201,"Oneok, Inc.",OKE,0.10%,66.31,0.79,(1.21%)
201,202,Idexx Laboratories Inc,IDXX,0.10%,459.63,-7.01,(-1.50%)
202,203,"General Mills, Inc.",GIS,0.10%,64.36,-0.66,(-1.01%)
203,204,Iqvia Holdings Inc.,IQV,0.10%,204.27,-0.52,(-0.26%)
204,205,Paychex Inc,PAYX,0.10%,117.16,0.67,(0.57%)
205,206,Realty Income Corporation,O,0.10%,52.96,-0.13,(-0.25%)
206,207,Pg&e Corporation,PCG,0.10%,17.83,0.08,(0.43%)
207,208,Dow Inc.,DOW,0.10%,51.51,0.07,(0.13%)
208,209,Bank of New York Mellon Corporation,BK,0.10%,46.82,0.34,(0.73%)
209,210,Old Dominion Freight Line,ODFL,0.10%,398.53,0.74,(0.19%)
210,211,Sysco Corporation,SYY,0.09%,70.81,0.14,(0.20%)
211,212,"Yum! Brands, Inc.",YUM,0.09%,127.42,-0.41,(-0.32%)
212,213,"W.W. Grainger, Inc.",GWW,0.09%,794.61,-0.44,(-0.06%)
213,214,Johnson Controls International Plc,JCI,0.09%,51.86,-0.07,(-0.13%)
214,215,"Ameriprise Financial, Inc.",AMP,0.09%,347.42,3.22,(0.93%)
215,216,"Ametek, Inc.",AME,0.09%,154.96,0.99,(0.64%)
216,217,"L3harris Technologies, Inc.",LHX,0.09%,186.22,-0.04,(-0.02%)
217,218,Baker Hughes Company,BKR,0.09%,33.64,0.40,(1.20%)
218,219,Cognizant Technology Solutions,CTSH,0.09%,69.11,0.63,(0.93%)
219,220,"Verisk Analytics, Inc.",VRSK,0.09%,237.70,0.15,(0.06%)
220,221,Halliburton Company,HAL,0.09%,37.77,0.59,(1.59%)
221,222,The Allstate Corporation,ALL,0.09%,135.16,0.41,(0.31%)
222,223,Fastenal Co,FAST,0.09%,60.72,0.06,(0.09%)
223,224,"Prudential Financial, Inc.",PRU,0.09%,95.38,0.75,(0.79%)
224,225,Otis Worldwide Corporation,OTIS,0.09%,84.32,0.40,(0.48%)
225,226,Kenvue Inc.,KVUE,0.09%,19.64,0.03,(0.13%)
226,227,Agilent Technologies Inc.,A,0.09%,113.71,-0.48,(-0.42%)
227,228,Costar Group Inc,CSGP,0.09%,82.46,0.22,(0.26%)
228,229,Biogen Inc.,BIIB,0.09%,230.06,0.60,(0.26%)
229,230,"Corteva, Inc.",CTVA,0.09%,47.43,0.46,(0.99%)
230,231,Electronic Arts Inc,EA,0.09%,133.49,0.09,(0.06%)
231,232,"Fortinet, Inc.",FTNT,0.09%,50.75,0.33,(0.66%)
232,233,"Gartner, Inc.",IT,0.09%,419.27,-0.83,(-0.20%)
233,234,"Xcel Energy, Inc.",XEL,0.09%,60.54,-0.16,(-0.26%)
234,235,"Kinder Morgan, Inc.",KMI,0.09%,16.92,0.10,(0.60%)
235,236,"United Rentals, Inc.",URI,0.09%,478.28,3.92,(0.83%)
236,237,"Dupont De Nemours, Inc.",DD,0.09%,70.77,0.18,(0.26%)
237,238,"Fidelity National Information Services, Inc.",FIS,0.09%,54.46,0.56,(1.04%)
238,239,"Cencora, Inc.",COR,0.09%,197.43,0.52,(0.26%)
239,240,Republic Services Inc.,RSG,0.09%,158.74,-0.14,(-0.09%)
240,241,Keurig Dr Pepper Inc.,KDP,0.08%,31.53,-0.26,(-0.80%)
241,242,Lennar Corporation Class A,LEN,0.08%,127.84,0.76,(0.60%)
242,243,Cummins Inc.,CMI,0.08%,224.55,1.13,(0.51%)
243,244,Public Service Enterprise Group Incorporated,PEG,0.08%,63.87,0.41,(0.64%)
244,245,"Ppg Industries, Inc.",PPG,0.08%,135.47,0.31,(0.23%)
245,246,"Consolidated Edison, Inc.",ED,0.08%,91.68,0.55,(0.60%)
246,247,"Rockwell Automation, Inc.",ROK,0.08%,272.76,-0.02,(-0.01%)
247,248,On Semiconductor Corp,ON,0.08%,69.19,-0.27,(-0.39%)
248,249,Arch Capital Group Ltd,ACGL,0.08%,83.99,0.28,(0.33%)
249,250,"Global Payments, Inc.",GPN,0.08%,111.87,0.06,(0.05%)
250,251,Cdw Corporation,CDW,0.08%,216.26,0.75,(0.35%)
251,252,The Estee Lauder Companies Inc. Class A,EL,0.08%,123.21,0.59,(0.48%)
252,253,Devon Energy Corporation,DVN,0.08%,44.83,0.54,(1.21%)
253,254,The Hershey Company,HSY,0.08%,196.11,0.27,(0.14%)
254,255,Vici Properties Inc.,VICI,0.08%,28.69,-0.01,(-0.02%)
255,256,The Kroger Co.,KR,0.08%,42.30,-0.36,(-0.85%)
256,257,Ingersoll Rand Inc.,IR,0.07%,70.43,0.23,(0.33%)
257,258,Martin Marietta Materials,MLM,0.07%,464.95,4.94,(1.07%)
258,259,Vulcan Materials Company,VMC,0.07%,213.58,1.31,(0.62%)
259,260,Ge Healthcare Technologies Inc.,GEHC,0.07%,72.24,0.32,(0.44%)
260,261,"Diamondback Energy, Inc.",FANG,0.07%,154.98,2.48,(1.62%)
261,262,"Extra Space Storage, Inc.",EXR,0.07%,129.84,-0.26,(-0.20%)
262,263,Dollar General Corp.,DG,0.07%,119.66,1.85,(1.57%)
263,264,"Quanta Services, Inc.",PWR,0.07%,183.90,0.60,(0.33%)
264,265,The Kraft Heinz Company,KHC,0.07%,33.59,-0.22,(-0.66%)
265,266,"Monolithic Power Systems, Inc.",MPWR,0.07%,537.03,0.05,(0.01%)
266,267,Ansys Inc,ANSS,0.07%,299.25,-2.41,(-0.80%)
267,268,"Cardinal Health, Inc.",CAH,0.07%,103.63,0.33,(0.32%)
268,269,"Wec Energy Group, Inc.",WEC,0.07%,82.03,-0.34,(-0.41%)
269,270,"West Pharmaceutical Services, Inc.",WST,0.07%,343.48,-0.75,(-0.22%)
270,271,Fair Isaac Corporation,FICO,0.07%,"1,035.25",1.19,(0.11%)
271,272,Willis Towers Watson Public Limited Companys,WTW,0.07%,242.54,-0.10,(-0.04%)
272,273,Sba Communications Corp,SBAC,0.07%,236.52,0.51,(0.21%)
273,274,"Moderna, Inc.",MRNA,0.07%,75.02,-1.53,(-2.00%)
274,275,"American Water Works Company, Inc",AWK,0.07%,131.53,0.54,(0.41%)
275,276,Edison International,EIX,0.07%,65.87,-0.12,(-0.18%)
276,277,Dollar Tree Inc.,DLTR,0.07%,115.22,1.52,(1.34%)
277,278,Lyondellbasell Industries N.v. Class A,LYB,0.07%,96.61,0.38,(0.39%)
278,279,Hp Inc.,HPQ,0.07%,28.31,0.10,(0.35%)
279,280,"Cbre Group, Inc.",CBRE,0.06%,78.18,0.13,(0.17%)
280,281,"Equifax, Incorporated",EFX,0.06%,203.11,2.73,(1.36%)
281,282,Take-Two Interactive Software Inc,TTWO,0.06%,155.04,0.19,(0.12%)
282,283,Royal Caribbean Group,RCL,0.06%,104.68,0.99,(0.96%)
283,284,"Avalonbay Communities, Inc.",AVB,0.06%,168.93,-0.90,(-0.53%)
284,285,Xylem Inc,XYL,0.06%,101.67,0.41,(0.40%)
285,286,"Keysight Technologies, Inc.",KEYS,0.06%,132.97,0.17,(0.12%)
286,287,Fortive Corporation,FTV,0.06%,67.50,-0.13,(-0.19%)
287,288,"Warner Bros. Discovery, Inc. Series a",WBD,0.06%,10.34,0.02,(0.19%)
288,289,Weyerhaeuser Company,WY,0.06%,31.99,0.25,(0.80%)
289,290,Mettler-Toledo International,MTD,0.06%,"1,047.93",-1.80,(-0.17%)
290,291,"Zimmer Biomet Holdings, Inc.",ZBH,0.06%,112.27,0.72,(0.64%)
291,292,"The Hartford Financial Services Group, Inc.",HIG,0.06%,77.11,0.76,(1.00%)
292,293,"Delta Air Lines, Inc.",DAL,0.06%,35.78,0.27,(0.77%)
293,294,Aptiv Plc,APTV,0.06%,79.93,0.78,(0.99%)
294,295,Tractor Supply Co,TSCO,0.06%,204.51,1.45,(0.72%)
295,296,"Church & Dwight Co., Inc.",CHD,0.06%,92.78,-0.11,(-0.11%)
296,297,Resmed Inc.,RMD,0.06%,149.34,0.44,(0.30%)
297,298,State Street Corporation,STT,0.06%,69.95,0.66,(0.96%)
298,299,T Rowe Price Group Inc,TROW,0.06%,97.76,0.29,(0.30%)
299,300,Corning Incorporated,GLW,0.06%,28.47,0.09,(0.30%)
300,301,Ebay Inc,EBAY,0.06%,39.87,-0.31,(-0.76%)
301,302,Discover Financial Services,DFS,0.06%,85.56,1.36,(1.61%)
302,303,Broadridge Financial Solutions Inc,BR,0.06%,181.25,0.04,(0.02%)
303,304,Hewlett Packard Enterprise Company,HPE,0.06%,15.94,0.20,(1.29%)
304,305,"Molina Healthcare, Inc.",MOH,0.06%,360.42,-4.93,(-1.35%)
305,306,Dte Energy Company,DTE,0.06%,103.36,0.03,(0.03%)
306,307,Entergy Corporation,ETR,0.06%,99.17,0.32,(0.33%)
307,308,M&t Bank Corp.,MTB,0.06%,124.17,0.70,(0.57%)
308,309,"Ulta Beauty, Inc.",ULTA,0.05%,407.74,2.19,(0.54%)
309,310,Coterra Energy Inc.,CTRA,0.05%,26.79,0.46,(1.73%)
310,311,Wabtec Inc.,WAB,0.05%,115.38,0.63,(0.55%)
311,312,"Nvr, Inc.",NVR,0.05%,"6,297.59",7.00,(0.11%)
312,313,Howmet Aerospace Inc.,HWM,0.05%,51.95,0.42,(0.82%)
313,314,Ameren Corporation,AEE,0.05%,76.93,0.15,(0.20%)
314,315,Steris Plc,STE,0.05%,202.47,-0.95,(-0.47%)
315,316,Eversource Energy,ES,0.05%,58.12,0.64,(1.12%)
316,317,"Raymond James Financial, Inc.",RJF,0.05%,103.89,0.68,(0.66%)
317,318,Dover Corporation,DOV,0.05%,137.73,0.19,(0.14%)
318,319,Genuine Parts Company,GPC,0.05%,137.48,0.01,(0.01%)
319,320,Targa Resources Corp.,TRGP,0.05%,85.73,1.88,(2.24%)
320,321,Invitation Homes Inc.,INVH,0.05%,33.63,0.09,(0.27%)
321,322,"Pultegroup, Inc.",PHM,0.05%,88.01,1.04,(1.20%)
322,323,Equity Residential,EQR,0.05%,54.86,-0.58,(-1.04%)
323,324,Firstenergy Corp.,FE,0.05%,37.17,0.13,(0.34%)
324,325,Ppl Corporation,PPL,0.05%,26.12,0.10,(0.37%)
325,326,International Flavors & Fragrances Inc.,IFF,0.05%,74.51,-0.13,(-0.17%)
326,327,"Darden Restaurants, Inc.",DRI,0.05%,155.65,-0.03,(-0.02%)
327,328,"Cboe Global Markets, Inc.",CBOE,0.05%,177.05,-0.74,(-0.42%)
328,329,Laboratory Corporation of America Holdings,LH,0.05%,211.54,0.81,(0.39%)
329,330,Fifth Third Bancorp,FITB,0.05%,27.28,0.15,(0.55%)
330,331,Verisign Inc,VRSN,0.05%,209.25,-0.07,(-0.03%)
331,332,Teledyne Technologies Incorporated,TDY,0.05%,390.41,0.76,(0.20%)
332,333,"Ptc, Inc",PTC,0.05%,153.14,0.31,(0.20%)
333,334,Garmin Ltd,GRMN,0.05%,119.53,0.40,(0.34%)
334,335,Iron Mountain Inc.,IRM,0.05%,62.52,0.49,(0.79%)
335,336,"Nasdaq, Inc.",NDAQ,0.05%,53.74,0.20,(0.37%)
336,337,"Expedia Group, Inc.",EXPE,0.05%,133.56,3.74,(2.88%)
337,338,Baxter International Inc.,BAX,0.05%,35.62,0.17,(0.49%)
338,339,"Ventas, Inc.",VTR,0.05%,44.42,-0.23,(-0.52%)
339,340,Hologic Inc,HOLX,0.05%,72.59,-0.04,(-0.06%)
340,341,Factset Research Systems,FDS,0.05%,462.43,-1.85,(-0.40%)
341,342,Expeditors International of Washington Inc.,EXPD,0.05%,118.04,0.23,(0.19%)
342,343,"Fleetcor Technologies, Inc.",FLT,0.05%,231.67,-0.32,(-0.14%)
343,344,"Tyler Technologies, Inc.",TYL,0.05%,418.60,0.92,(0.22%)
344,345,Steel Dynamics Inc,STLD,0.05%,111.09,1.21,(1.10%)
345,346,"Centerpoint Energy, Inc.",CNP,0.05%,27.75,0.09,(0.33%)
346,347,Jacobs Solutions Inc.,J,0.05%,134.12,1.02,(0.77%)
347,348,Akamai Technologies Inc,AKAM,0.05%,111.76,0.39,(0.35%)
348,349,Clorox Company,CLX,0.05%,139.65,0.60,(0.43%)
349,350,"Brown & Brown, Inc.",BRO,0.05%,73.02,-0.18,(-0.25%)
350,351,"The Cooper Companies, Inc.",COO,0.04%,339.83,-0.75,(-0.22%)
351,352,Atmos Energy Corporation,ATO,0.04%,113.83,-0.22,(-0.19%)
352,353,"Everest Group, Ltd.",EG,0.04%,401.40,2.09,(0.52%)
353,354,Cms Energy Corporation,CMS,0.04%,57.59,0.09,(0.15%)
354,355,"Netapp, Inc",NTAP,0.04%,77.61,0.82,(1.07%)
355,356,"Mccormick & Company, Incorporated Non-Vtg Cs",MKC,0.04%,65.84,-0.21,(-0.31%)
356,357,"Alexandria Real Estate Equities, Inc.",ARE,0.04%,103.45,-0.36,(-0.35%)
357,358,"First Solar, Inc.",FSLR,0.04%,153.77,-0.74,(-0.48%)
358,359,Ball Corporation,BALL,0.04%,51.90,0.03,(0.06%)
359,360,Veralto Corporation,VLTO,0.04%,70.49,-0.39,(-0.55%)
360,361,Las Vegas Sands Corp.,LVS,0.04%,49.10,-0.02,(-0.04%)
361,362,Bunge Limited,BG,0.04%,106.90,0.92,(0.87%)
362,363,"Principal Financial Group, Inc.",PFG,0.04%,72.18,0.70,(0.97%)
363,364,Cincinnati Financial Corp,CINF,0.04%,101.34,0.26,(0.26%)
364,365,Waters Corp,WAT,0.04%,265.43,-0.77,(-0.29%)
365,366,Illumina Inc,ILMN,0.04%,93.45,-1.75,(-1.84%)
366,367,Huntington Bancshares Inc,HBAN,0.04%,10.98,0.07,(0.68%)
367,368,"Axon Enterprise, Inc.",AXON,0.04%,223.74,0.98,(0.44%)
368,369,"Cf Industries Holding, Inc.",CF,0.04%,79.40,-0.71,(-0.89%)
369,370,Northern Trust Corp,NTRS,0.04%,75.15,0.51,(0.68%)
370,371,Hubbell Incorporated,HUBB,0.04%,295.47,5.88,(2.03%)
371,372,"Walgreens Boots Alliance, Inc",WBA,0.04%,21.01,0.26,(1.23%)
372,373,Omnicom Group Inc.,OMC,0.04%,77.60,0.63,(0.81%)
373,374,Marathon Oil Corporation,MRO,0.04%,25.33,0.58,(2.36%)
374,375,"Textron, Inc.",TXT,0.04%,77.51,0.72,(0.93%)
375,376,Avery Dennison Corp.,AVY,0.04%,189.96,0.79,(0.42%)
376,377,Regions Financial Corp.,RF,0.04%,16.17,0.09,(0.58%)
377,378,Quest Diagnostics Inc.,DGX,0.04%,134.96,0.03,(0.02%)
378,379,Eqt Corp,EQT,0.04%,40.23,0.18,(0.46%)
379,380,Skyworks Solutions Inc,SWKS,0.04%,93.31,-0.06,(-0.07%)
380,381,Albemarle Corporation,ALB,0.04%,124.07,1.47,(1.19%)
381,382,Idex Corporation,IEX,0.04%,198.48,0.89,(0.45%)
382,383,Jb Hunt Transport Services Inc,JBHT,0.04%,178.08,-0.59,(-0.33%)
383,384,Southwest Airlines Co.,LUV,0.04%,24.39,0.10,(0.41%)
384,385,Western Digital Corp.,WDC,0.04%,46.38,0.37,(0.79%)
385,386,Snap-on Incorporated,SNA,0.04%,276.96,2.24,(0.82%)
386,387,Carnival Corporation,CCL,0.04%,14.80,-0.01,(-0.06%)
387,388,Align Technology Inc,ALGN,0.04%,205.17,2.05,(1.01%)
388,389,Seagate Technology Holdings Plcs,STX,0.04%,75.76,0.17,(0.23%)
389,390,"Epam Systems, Inc.",EPAM,0.04%,258.24,2.29,(0.90%)
390,391,Packaging Corp of America,PKG,0.04%,156.08,0.59,(0.38%)
391,392,"Leidos Holdings, Inc.",LDOS,0.04%,105.48,0.81,(0.77%)
392,393,"Mid-America Apartment Communities, Inc.",MAA,0.04%,121.59,-0.21,(-0.17%)
393,394,"Teradyne, Inc.",TER,0.04%,91.34,0.60,(0.66%)
394,395,W.R. Berkley Corporation,WRB,0.04%,70.23,0.46,(0.66%)
395,396,"Stanley Black & Decker, Inc.",SWK,0.04%,90.78,0.68,(0.76%)
396,397,"Tyson Foods, Inc.",TSN,0.04%,48.15,-0.18,(-0.37%)
397,398,Kellanova,K,0.04%,52.20,-0.00,(-0.01%)
398,399,Amcor Plcs,AMCR,0.04%,9.31,0.03,(0.27%)
399,400,"Essex Property Trust, Inc",ESS,0.04%,210.85,-0.72,(-0.34%)
400,401,Pool Corporation,POOL,0.04%,349.58,2.21,(0.64%)
401,402,"Lamb Weston Holdings, Inc.",LW,0.04%,95.05,-0.65,(-0.68%)
402,403,Domino's Pizza Inc.,DPZ,0.04%,372.56,-2.18,(-0.58%)
403,404,"Best Buy Company, Inc.",BBY,0.04%,68.02,1.27,(1.90%)
404,405,"Conagra Brands, Inc.",CAG,0.04%,28.09,0.01,(0.04%)
405,406,Masco Corporation,MAS,0.04%,59.81,0.44,(0.75%)
406,407,"United Airlines Holdings, Inc.",UAL,0.03%,39.63,0.35,(0.90%)
407,408,"Citizens Financial Group, Inc.",CFG,0.03%,27.37,0.29,(1.06%)
408,409,Celanese Corporation,CE,0.03%,128.87,1.00,(0.78%)
409,410,"Enphase Energy, Inc.",ENPH,0.03%,89.32,-1.35,(-1.49%)
410,411,Live Nation Entertainment Inc.,LYV,0.03%,89.57,0.47,(0.53%)
411,412,Nordson Corp,NDSN,0.03%,232.53,0.81,(0.35%)
412,413,Synchrony Financial,SYF,0.03%,29.39,0.48,(1.66%)
413,414,Alliant Energy Corporation,LNT,0.03%,49.43,-0.05,(-0.11%)
414,415,The Mosaic Company,MOS,0.03%,36.35,-0.43,(-1.17%)
415,416,Loews Corporation,L,0.03%,67.37,0.31,(0.47%)
416,417,"Host Hotels & Resorts, Inc.",HST,0.03%,17.19,0.12,(0.73%)
417,418,Lkq Corporation,LKQ,0.03%,45.21,0.16,(0.35%)
418,419,Insulet Corporation,PODD,0.03%,174.92,0.16,(0.09%)
419,420,International Paper Co.,IP,0.03%,33.57,-0.05,(-0.15%)
420,421,"The Interpublic Group of Companies, Inc.",IPG,0.03%,29.94,0.11,(0.38%)
421,422,Kimco Realty Corp.,KIM,0.03%,18.77,-0.01,(-0.03%)
422,423,"Evergy, Inc.",EVRG,0.03%,50.33,-0.00,(-0.01%)
423,424,Apa Corporation,APA,0.03%,36.41,0.56,(1.55%)
424,425,Mgm Resorts International,MGM,0.03%,39.79,-0.42,(-1.04%)
425,426,Keycorp,KEY,0.03%,12.16,0.08,(0.70%)
426,427,Aes Corporation,AES,0.03%,17.04,0.13,(0.77%)
427,428,The J.M. Smucker Company,SJM,0.03%,111.45,0.18,(0.17%)
428,429,Viatris Inc.,VTRS,0.03%,9.22,0.05,(0.49%)
429,430,Henry (Jack) & Associates,JKHY,0.03%,154.13,0.72,(0.47%)
430,431,Zebra Technologies Corporation,ZBRA,0.03%,216.23,0.75,(0.35%)
431,432,Molson Coors Beverage Company Class B,TAP,0.03%,59.07,0.08,(0.13%)
432,433,Gen Digital Inc.,GEN,0.03%,20.38,-0.03,(-0.12%)
433,434,"Revvity, Inc.",RVTY,0.03%,88.29,0.09,(0.10%)
434,435,"Rollins, Inc.",ROL,0.03%,39.61,-0.03,(-0.08%)
435,436,"Nrg Energy, Inc.",NRG,0.03%,47.77,0.20,(0.43%)
436,437,Trimble Inc.,TRMB,0.03%,43.09,0.28,(0.65%)
437,438,Carmax Inc.,KMX,0.03%,64.31,0.16,(0.25%)
438,439,Brown-Forman Corporation Class B,BF.B,0.03%,57.99,0.30,(0.52%)
439,440,Ceridian Hcm Holding,CDAY,0.03%,68.47,1.23,(1.83%)
440,441,Pentair Plc,PNR,0.03%,62.85,-0.04,(-0.06%)
441,442,Nisource Inc.,NI,0.03%,25.93,0.16,(0.62%)
442,443,Regency Centers Corporation,REG,0.03%,61.48,0.17,(0.28%)
443,444,Incyte Genomics Inc,INCY,0.03%,53.82,-0.17,(-0.31%)
444,445,"Udr, Inc.",UDR,0.03%,32.84,-0.16,(-0.49%)
445,446,Globe Life Inc.,GL,0.03%,118.27,0.86,(0.73%)
446,447,Teleflex Incorporated,TFX,0.03%,214.15,0.51,(0.24%)
447,448,"Caesars Entertainment, Inc.",CZR,0.03%,45.07,-0.57,(-1.25%)
448,449,Westrock Company,WRK,0.03%,37.89,0.30,(0.80%)
449,450,"F5, Inc.",FFIV,0.03%,163.00,1.95,(1.21%)
450,451,Eastman Chemical Company,EMN,0.03%,82.30,0.50,(0.61%)
451,452,"C.H. Robinson Worldwide, Inc.",CHRW,0.03%,81.85,-0.01,(-0.02%)
452,453,Bio-Techne Corp.,TECH,0.03%,61.11,0.21,(0.34%)
453,454,"Charles River Laboratories International, Inc.",CRL,0.03%,190.74,1.18,(0.62%)
454,455,Camden Property Trust,CPT,0.03%,87.47,-0.10,(-0.11%)
455,456,Hormel Foods Corporation,HRL,0.02%,32.52,-0.14,(-0.44%)
456,457,Allegion Public Limited Company,ALLE,0.02%,106.17,0.22,(0.21%)
457,458,A.O. Smith Corporation,AOS,0.02%,76.14,0.50,(0.67%)
458,459,"Qorvo, Inc.",QRVO,0.02%,93.69,-0.17,(-0.18%)
459,460,"Huntington Ingalls Industries, Inc.",HII,0.02%,235.25,0.68,(0.29%)
460,461,"Healthpeak Properties, Inc.",PEAK,0.02%,16.44,-0.11,(-0.68%)
461,462,"Match Group, Inc",MTCH,0.02%,31.27,-0.31,(-0.98%)
462,463,Juniper Networks Inc,JNPR,0.02%,27.15,0.33,(1.23%)
463,464,Henry Schein Inc,HSIC,0.02%,68.84,0.08,(0.12%)
464,465,"Etsy, Inc.",ETSY,0.02%,71.87,1.72,(2.46%)
465,466,"Paycom Software, Inc.",PAYC,0.02%,174.89,1.24,(0.71%)
466,467,Robert Half Inc.,RHI,0.02%,80.32,0.54,(0.68%)
467,468,Marketaxess Holdings Inc.,MKTX,0.02%,228.15,1.45,(0.64%)
468,469,"Assurant, Inc.",AIZ,0.02%,161.02,1.08,(0.68%)
469,470,Wynn Resorts Ltd,WYNN,0.02%,85.96,-0.10,(-0.12%)
470,471,"Universal Health Services, Inc. Class B",UHS,0.02%,136.77,2.32,(1.72%)
471,472,Borgwarner Inc.,BWA,0.02%,34.07,0.25,(0.73%)
472,473,Pinnacle West Capital Corporation,PNW,0.02%,72.45,0.06,(0.08%)
473,474,American Airlines Group Inc.,AAL,0.02%,12.26,0.07,(0.53%)
474,475,"Boston Properties, Inc.",BXP,0.02%,55.45,0.22,(0.40%)
475,476,Campbell Soup Company,CPB,0.02%,40.71,-0.42,(-1.03%)
476,477,News Corporation Class A,NWSA,0.02%,21.02,-0.05,(-0.25%)
477,478,Fox Corporation Class A,FOXA,0.02%,30.30,0.22,(0.73%)
478,479,"Bath & Body Works, Inc.",BBWI,0.02%,29.94,-0.16,(-0.53%)
479,480,"Tapestry, Inc.",TPR,0.02%,30.24,0.14,(0.45%)
480,481,"Catalent, Inc.",CTLT,0.02%,39.77,0.03,(0.08%)
481,482,"Franklin Resources, Inc.",BEN,0.02%,24.77,0.22,(0.88%)
482,483,Generac Holdings Inc,GNRC,0.02%,113.83,0.35,(0.31%)
483,484,Federal Realty Investment Trust,FRT,0.02%,92.59,0.05,(0.05%)
484,485,Fmc Corporation,FMC,0.02%,53.49,0.06,(0.10%)
485,486,"Bio-Rad Laboratories, Inc.Class A",BIO,0.02%,305.77,1.27,(0.42%)
486,487,Paramount Global Class B,PARA,0.02%,12.95,0.19,(1.50%)
487,488,Invesco Ltd,IVZ,0.02%,13.81,0.10,(0.76%)
488,489,Dentsply Sirona Inc.,XRAY,0.02%,29.67,0.07,(0.23%)
489,490,Whirlpool Corp.,WHR,0.02%,111.69,-0.59,(-0.53%)
490,491,Norwegian Cruise Line Holdings Ltd.s,NCLH,0.02%,14.81,0.18,(1.26%)
491,492,"Hasbro, Inc.",HAS,0.02%,45.24,0.11,(0.25%)
492,493,Comerica Incorporated,CMA,0.02%,44.83,0.49,(1.11%)
493,494,V.F. Corporation,VFC,0.02%,17.23,0.04,(0.22%)
494,495,Zions Bancorporation N.a.,ZION,0.01%,35.63,-0.08,(-0.23%)
495,496,Ralph Lauren Corporation,RL,0.01%,122.63,1.93,(1.59%)
496,497,Davita Inc.,DVA,0.01%,95.59,0.86,(0.90%)
497,498,Sealed Air Corp.,SEE,0.01%,33.19,0.04,(0.11%)
498,499,"Alaska Air Group, Inc.",ALK,0.01%,36.84,0.64,(1.76%)
499,500,"Solaredge Technologies, Inc.",SEDG,0.01%,75.75,-0.77,(-1.01%)
500,501,"Mohawk Industries, Inc.",MHK,0.01%,85.78,0.29,(0.34%)
501,502,Fox Corporation Class B,FOX,0.01%,28.33,0.19,(0.68%)
502,503,News Corporation Class B,NWS,0.01%,21.93,-0.04,(-0.16%)
